INSERT INTO d_criteria_type (id, code, name) VALUES (1, 'number', 'число');
INSERT INTO d_criteria_type (id, code, name) VALUES (2, 'point', 'балл');
INSERT INTO d_criteria_type (id, code, name) VALUES (3, 'bool', 'булево');

INSERT INTO block (id, name, k, update_date) VALUES (1, 'Вспомогательные данные', 1, now());
INSERT INTO block (id, name, k, update_date) VALUES (2, 'Транспортная доступность', 1, now());
INSERT INTO block (id, name, k, update_date) VALUES (3, 'Экономическое развитие', 1, now());
INSERT INTO block (id, name, k, update_date) VALUES (4, 'Инфраструктура', 1, now());
INSERT INTO block (id, name, k, update_date) VALUES (5, 'Комфорт городской среды', 1, now());
INSERT INTO block (id, name, k, update_date) VALUES (6, 'Культурно-исторический/познавательный блок', 1, now());
INSERT INTO block (id, name, k, update_date) VALUES (7, 'Природный блок', 1, now());
INSERT INTO block (id, name, k, update_date) VALUES (8, 'Оздоровление', 1, now());
INSERT INTO block (id, name, k, update_date) VALUES (9, 'Туристский блок', 1, now());
INSERT INTO block (id, name, k, update_date) VALUES (10, 'Спорт', 1, now());
INSERT INTO block (id, name, k, update_date) VALUES (11, 'Блок неблагоприятных факторов', 1, now());

INSERT INTO criteria (d_criteria_type_id, name, k, is_stimulus, block_id, update_date) VALUES (1, 'Численность населения города (тыс. чел)', 1, true, 1, now());
INSERT INTO criteria (d_criteria_type_id, name, k, is_stimulus, block_id, update_date) VALUES (1, 'Число туристов в муниципальном образовании (тыс. чел)', 1, true, 1, now());
INSERT INTO criteria (d_criteria_type_id, name, k, is_stimulus, block_id, update_date) VALUES (1, 'Общая площадь муниципального образования (км²)', 1, true, 1, now());
INSERT INTO criteria (d_criteria_type_id, name, k, is_stimulus, block_id, update_date) VALUES (1, 'Площадь города (км²)', 1, true, 1, now());
INSERT INTO criteria (d_criteria_type_id, name, k, is_stimulus, block_id, update_date) VALUES (1, 'Число поисковых запросов (итого)', 1, true, 1, now());
INSERT INTO criteria (d_criteria_type_id, name, k, is_stimulus, block_id, update_date) VALUES (2, 'Средняя оценка пользователей о достопримечательностях города (балл)', 1, true, 1, now());
INSERT INTO criteria (d_criteria_type_id, name, k, is_stimulus, block_id, update_date) VALUES (1, 'Удаленность от центра региона (км)', 1, false, 2, now());
INSERT INTO criteria (d_criteria_type_id, name, k, is_stimulus, block_id, update_date) VALUES (1, 'Плотность дорог муниципального образования (км на 100 км²)', 1, true, 2, now());
INSERT INTO criteria (d_criteria_type_id, name, k, is_stimulus, block_id, update_date) VALUES (2, 'Качество дорог муниципального образования (балл)', 1, true, 2, now());
INSERT INTO criteria (d_criteria_type_id, name, k, is_stimulus, block_id, update_date) VALUES (1, 'Число междугородних автобусных пассажирских рейсов до города в выходные дни (итого)', 1, true, 2, now());
INSERT INTO criteria (d_criteria_type_id, name, k, is_stimulus, block_id, update_date) VALUES (1, 'Число междугородних ж/д пассажирских рейсов до города в выходные дни (итого)', 1, true, 2, now());
INSERT INTO criteria (d_criteria_type_id, name, k, is_stimulus, block_id, update_date) VALUES (1, 'Число сезонных междугородних водных пассажирских рейсов до города в выходные дни (итого)', 1, true, 2, now());
INSERT INTO criteria (d_criteria_type_id, name, k, is_stimulus, block_id, update_date) VALUES (1, 'Среднемесячная номинальная начисленная заработная плата одного работника (тыс. руб)', 1, true, 3, now());
INSERT INTO criteria (d_criteria_type_id, name, k, is_stimulus, block_id, update_date) VALUES (1, 'Инвестиции в основной капитал (млн. руб)', 1, true, 3, now());
INSERT INTO criteria (d_criteria_type_id, name, k, is_stimulus, block_id, update_date) VALUES (1, 'Ввод в действие жилых домов (тыс. м²)', 1, true, 3, now());
INSERT INTO criteria (d_criteria_type_id, name, k, is_stimulus, block_id, update_date) VALUES (1, 'Среднесписочная численность работников в сфере туризма (чел)', 1, true, 3, now());
INSERT INTO criteria (d_criteria_type_id, name, k, is_stimulus, block_id, update_date) VALUES (1, 'Участий муниципального образования в федеральных и региональных конкурсах на получение субсидий по благоустройству городской среды (итого)', 1, true, 3, now());
INSERT INTO criteria (d_criteria_type_id, name, k, is_stimulus, block_id, update_date) VALUES (1, 'Побед муниципального образования в федеральных и региональных конкурсах на получение субсидий по благоустройству городской среды (итого)', 1, true, 3, now());
INSERT INTO criteria (d_criteria_type_id, name, k, is_stimulus, block_id, update_date) VALUES (1, 'Число учреждений культурно-досугового типа в центре города кинотеатры, зрительные залы, детские комнаты, танцевальные площадки (итого)', 1, true, 4, now());
INSERT INTO criteria (d_criteria_type_id, name, k, is_stimulus, block_id, update_date) VALUES (2, 'Разнообразие учреждений культурно-досугового типа (балл)', 1, true, 4, now());
INSERT INTO criteria (d_criteria_type_id, name, k, is_stimulus, block_id, update_date) VALUES (1, 'Число мест традиционного бытования народных промыслов (итого)', 1, true, 4, now());
INSERT INTO criteria (d_criteria_type_id, name, k, is_stimulus, block_id, update_date) VALUES (1, 'Число местных производств товаров народного потребления и точек продаж продукции (итого)', 1, true, 4, now());
INSERT INTO criteria (d_criteria_type_id, name, k, is_stimulus, block_id, update_date) VALUES (1, 'Число предприятий общественного питания в центре города (итого)', 1, true, 4, now());
INSERT INTO criteria (d_criteria_type_id, name, k, is_stimulus, block_id, update_date) VALUES (2, 'Разнообразие учреждений общественного питания (балл)', 1, true, 4, now());
INSERT INTO criteria (d_criteria_type_id, name, k, is_stimulus, block_id, update_date) VALUES (1, 'Число посадочных мест в предприятиях общественного питания в центре города (итого)', 1, true, 4, now());
INSERT INTO criteria (d_criteria_type_id, name, k, is_stimulus, block_id, update_date) VALUES (1, 'Число предприятий общественного питания в центре города, в меню которых входят национальные региональные блюда (итого)', 1, true, 4, now());
INSERT INTO criteria (d_criteria_type_id, name, k, is_stimulus, block_id, update_date) VALUES (1, 'Число объектов розничной торговли в центре города (итого)', 1, true, 4, now());
INSERT INTO criteria (d_criteria_type_id, name, k, is_stimulus, block_id, update_date) VALUES (1, 'Число сувенирных магазинов в центре города (итого)', 1, true, 4, now());
INSERT INTO criteria (d_criteria_type_id, name, k, is_stimulus, block_id, update_date) VALUES (1, 'Число коллективных средств размещения в центре городе (итого)', 1, true, 4, now());
INSERT INTO criteria (d_criteria_type_id, name, k, is_stimulus, block_id, update_date) VALUES (1, 'Число мест размещения в коллективных средствах размещения в центре города (итого)', 1, true, 4, now());
INSERT INTO criteria (d_criteria_type_id, name, k, is_stimulus, block_id, update_date) VALUES (1, 'Оборот общественного питания в городе (млн. руб)', 1, true, 4, now());
INSERT INTO criteria (d_criteria_type_id, name, k, is_stimulus, block_id, update_date) VALUES (1, 'Оборот розничной торговли в городе (млн. руб)', 1, true, 4, now());
INSERT INTO criteria (d_criteria_type_id, name, k, is_stimulus, block_id, update_date) VALUES (1, 'Число операторов мобильной связи в муниципальном образовании, поддерживающих покрытие 3G/4G (итого)', 1, true, 4, now());
INSERT INTO criteria (d_criteria_type_id, name, k, is_stimulus, block_id, update_date) VALUES (1, 'Протяженность пешеходных пространств в центре города (км)', 1, true, 5, now());
INSERT INTO criteria (d_criteria_type_id, name, k, is_stimulus, block_id, update_date) VALUES (1, 'Площадь озелененных территорий общего пользования (скверов, парков, лесопарков и т. д.) в центре города (км²)', 1, true, 5, now());
INSERT INTO criteria (d_criteria_type_id, name, k, is_stimulus, block_id, update_date) VALUES (2, 'Эстетическая привлекательность городской среды (балл)', 1, true, 5, now());
INSERT INTO criteria (d_criteria_type_id, name, k, is_stimulus, block_id, update_date) VALUES (1, 'Число музеев федерального значения (итого)', 1, true, 6, now());
INSERT INTO criteria (d_criteria_type_id, name, k, is_stimulus, block_id, update_date) VALUES (1, 'Число музеев регионального значения (итого)', 1, true, 6, now());
INSERT INTO criteria (d_criteria_type_id, name, k, is_stimulus, block_id, update_date) VALUES (1, 'Число негосударственных музеев и музеев муниципального значения (итого)', 1, true, 6, now());
INSERT INTO criteria (d_criteria_type_id, name, k, is_stimulus, block_id, update_date) VALUES (1, 'Число посетителей музеев города (тыс. чел)', 1, true, 6, now());
INSERT INTO criteria (d_criteria_type_id, name, k, is_stimulus, block_id, update_date) VALUES (1, 'Число театров регионального значения (итого)', 1, true, 6, now());
INSERT INTO criteria (d_criteria_type_id, name, k, is_stimulus, block_id, update_date) VALUES (1, 'Число негосударственных театров и театров муниципального значения (итого)', 1, true, 6, now());
INSERT INTO criteria (d_criteria_type_id, name, k, is_stimulus, block_id, update_date) VALUES (1, 'Число зоопарков, сафари-парков, ферм, стойбищ и т. п. открытых для посещения (итого)', 1, true, 6, now());
INSERT INTO criteria (d_criteria_type_id, name, k, is_stimulus, block_id, update_date) VALUES (1, 'Число культурно-религиозных объектов (итого)', 1, true, 6, now());
INSERT INTO criteria (d_criteria_type_id, name, k, is_stimulus, block_id, update_date) VALUES (1, 'Число монументов, скульптур, памятников, art-объектов (итого)', 1, true, 6, now());
INSERT INTO criteria (d_criteria_type_id, name, k, is_stimulus, block_id, update_date) VALUES (2, 'Узнаваемость культурно-исторических/познавательных объектов (балл)', 1, true, 6, now());
INSERT INTO criteria (d_criteria_type_id, name, k, is_stimulus, block_id, update_date) VALUES (2, 'Значимость культурно-исторических/познавательных объектов (балл)', 1, true, 6, now());
INSERT INTO criteria (d_criteria_type_id, name, k, is_stimulus, block_id, update_date) VALUES (2, 'Сохранность культурно-исторических/познавательных объектов (балл)', 1, true, 6, now());
INSERT INTO criteria (d_criteria_type_id, name, k, is_stimulus, block_id, update_date) VALUES (1, 'Число природных памятников/объектов (итого)', 1, true, 7, now());
INSERT INTO criteria (d_criteria_type_id, name, k, is_stimulus, block_id, update_date) VALUES (2, 'Узнаваемость природных памятников/объектов (балл)', 1, true, 7, now());
INSERT INTO criteria (d_criteria_type_id, name, k, is_stimulus, block_id, update_date) VALUES (2, 'Значимость природных памятников/объектов (балл)', 1, true, 7, now());
INSERT INTO criteria (d_criteria_type_id, name, k, is_stimulus, block_id, update_date) VALUES (2, 'Сохранность природных памятников/объектов (балл)', 1, true, 7, now());
INSERT INTO criteria (d_criteria_type_id, name, k, is_stimulus, block_id, update_date) VALUES (1, 'Количество форм рельефа (ед)', 1, true, 7, now());
INSERT INTO criteria (d_criteria_type_id, name, k, is_stimulus, block_id, update_date) VALUES (1, 'Амплитуда высот (м)', 1, false, 7, now());
INSERT INTO criteria (d_criteria_type_id, name, k, is_stimulus, block_id, update_date) VALUES (1, 'Площадь заповедников и заказников (км²)', 1, true, 7, now());
INSERT INTO criteria (d_criteria_type_id, name, k, is_stimulus, block_id, update_date) VALUES (1, 'Число крупных рек и притоков I, II, III порядка (итого)', 1, true, 7, now());
INSERT INTO criteria (d_criteria_type_id, name, k, is_stimulus, block_id, update_date) VALUES (1, 'Площадь зеркала озер, прудов, карьеров (км²)', 1, true, 7, now());
INSERT INTO criteria (d_criteria_type_id, name, k, is_stimulus, block_id, update_date) VALUES (1, 'Лесистость (км²)', 1, false, 7, now());
INSERT INTO criteria (d_criteria_type_id, name, k, is_stimulus, block_id, update_date) VALUES (1, 'Протяженность треккинговых маршрутов, троп здоровья (км)', 1, true, 7, now());
INSERT INTO criteria (d_criteria_type_id, name, k, is_stimulus, block_id, update_date) VALUES (1, 'Число минеральных скважин (итого)', 1, true, 8, now());
INSERT INTO criteria (d_criteria_type_id, name, k, is_stimulus, block_id, update_date) VALUES (1, 'Число месторождений лечебных грязей (итого)', 1, true, 8, now());
INSERT INTO criteria (d_criteria_type_id, name, k, is_stimulus, block_id, update_date) VALUES (1, 'Число санаторно-курортных учреждений (итого)', 1, true, 8, now());
INSERT INTO criteria (d_criteria_type_id, name, k, is_stimulus, block_id, update_date) VALUES (1, 'Число мест размещения в санаторно-курортных учреждениях (итого)', 1, true, 8, now());
INSERT INTO criteria (d_criteria_type_id, name, k, is_stimulus, block_id, update_date) VALUES (2, 'Узнаваемость санаторно-курортных учреждений (балл)', 1, true, 8, now());
INSERT INTO criteria (d_criteria_type_id, name, k, is_stimulus, block_id, update_date) VALUES (2, 'Значимость санаторно-курортных учреждений (балл)', 1, true, 8, now());
INSERT INTO criteria (d_criteria_type_id, name, k, is_stimulus, block_id, update_date) VALUES (2, 'Сохранность санаторно-курортных учреждений (балл)', 1, true, 8, now());
INSERT INTO criteria (d_criteria_type_id, name, k, is_stimulus, block_id, update_date) VALUES (1, 'Число спа-комплексов, терм и т п (итого)', 1, true, 8, now());
INSERT INTO criteria (d_criteria_type_id, name, k, is_stimulus, block_id, update_date) VALUES (1, 'Число мест размещения в спа-комплексах, термах и т п (итого)', 1, true, 8, now());
INSERT INTO criteria (d_criteria_type_id, name, k, is_stimulus, block_id, update_date) VALUES (1, 'Число баз отдыха (итого)', 1, true, 9, now());
INSERT INTO criteria (d_criteria_type_id, name, k, is_stimulus, block_id, update_date) VALUES (1, 'Число кэмпингов, глэмпингов и т п (итого)', 1, true, 9, now());
INSERT INTO criteria (d_criteria_type_id, name, k, is_stimulus, block_id, update_date) VALUES (1, 'Число туристских событийных мероприятий международного значения (итого)', 1, true, 9, now());
INSERT INTO criteria (d_criteria_type_id, name, k, is_stimulus, block_id, update_date) VALUES (1, 'Число туристских событийных мероприятий федерального значения (итого)', 1, true, 9, now());
INSERT INTO criteria (d_criteria_type_id, name, k, is_stimulus, block_id, update_date) VALUES (1, 'Число туристских событийных мероприятий регионального значения (итого)', 1, true, 9, now());
INSERT INTO criteria (d_criteria_type_id, name, k, is_stimulus, block_id, update_date) VALUES (1, 'Число посетителей туристских событийных мероприятий (тыс. чел)', 1, true, 9, now());
INSERT INTO criteria (d_criteria_type_id, name, k, is_stimulus, block_id, update_date) VALUES (1, 'Число объектов спортивной инфраструктуры в городе бассейны, спортивные комплексы, стадионы, картинги и пр (итого)', 1, true, 10, now());
INSERT INTO criteria (d_criteria_type_id, name, k, is_stimulus, block_id, update_date) VALUES (2, 'Разнообразие и качество объектов спортивной инфраструктуры в городе (балл)', 1, true, 10, now());
INSERT INTO criteria (d_criteria_type_id, name, k, is_stimulus, block_id, update_date) VALUES (1, 'Число лыжных баз (итого)', 1, true, 10, now());
INSERT INTO criteria (d_criteria_type_id, name, k, is_stimulus, block_id, update_date) VALUES (1, 'Число горнолыжных баз с действующими фуникулерами (итого)', 1, true, 10, now());
INSERT INTO criteria (d_criteria_type_id, name, k, is_stimulus, block_id, update_date) VALUES (1, 'Число спортивных событийных мероприятий международного значения (итого)', 1, true, 10, now());
INSERT INTO criteria (d_criteria_type_id, name, k, is_stimulus, block_id, update_date) VALUES (1, 'Число спортивных событийных мероприятий федерального значения (итого)', 1, true, 10, now());
INSERT INTO criteria (d_criteria_type_id, name, k, is_stimulus, block_id, update_date) VALUES (1, 'Число спортивных событийных мероприятий регионального значения (итого)', 1, true, 10, now());
INSERT INTO criteria (d_criteria_type_id, name, k, is_stimulus, block_id, update_date) VALUES (1, 'Число посетителей спортивных событийных мероприятий (тыс. чел)', 1, true, 10, now());
INSERT INTO criteria (d_criteria_type_id, name, k, is_stimulus, block_id, update_date) VALUES (1, 'Число совершенных преступлений в городе (итого / тыс. жителей)', 1, false, 11, now());
INSERT INTO criteria (d_criteria_type_id, name, k, is_stimulus, block_id, update_date) VALUES (1, 'Болотистость (км²)', 1, false, 11, now());
INSERT INTO criteria (d_criteria_type_id, name, k, is_stimulus, block_id, update_date) VALUES (2, 'Интенсивность нападения гнуса (балл)', 1, false, 11, now());
INSERT INTO criteria (d_criteria_type_id, name, k, is_stimulus, block_id, update_date) VALUES (1, 'Уровень безработицы (%)', 1, false, 11, now());
INSERT INTO criteria (d_criteria_type_id, name, k, is_stimulus, block_id, update_date) VALUES (1, 'Индекс загрязнения атмосферы (индекс)', 1, false, 11, now());
INSERT INTO criteria (d_criteria_type_id, name, k, is_stimulus, block_id, update_date) VALUES (1, 'Класс качества воды (класс)', 1, false, 11, now())


